sku,name,stock
M-FSH-IP16PR-CL-011,M - FullShock iPhone 16 Pro Clear Transparent MagSafe,22
I-NAN-MI10L5-000,I - NanoGlass Mi 10 Lite 5G,7
I-NAN-MI10T5-000,I - NanoGlass Mi 10T 5G,12
M-PSH-IP16PR-BK-000,M - ProShock iPhone 16 Pro Black,52
I-NAN-0GXA71-000,I - NanoGlass Galaxy A71,41
I-FSH-00IPXS-010,I - FullShock iPhone X/XS Babyblue Transparent,52
M-PSH-IP15PL-FG-000,I - ProShock iPhone 15 Plus Forest Green,29
M-FSH-IP17PR-LV-000,M - FullShock iPhone 17 Pro Lavender,65
I-NAN-GXS23P-000,I - NanoGlass Galaxy S23 Plus,59
I-FSH-IP14PL-CL-010,I - FullShock iPhone 14 Plus Clear Transparent,13
M-FSH-IP17PM-BK-001,M - FullShock iPhone 17 Pro Max Black MagSafe,36
I-FSH-IP14PL-SM-010,I - FullShock iPhone 14 Plus Smokey Transparent,10
M-FSH-IP17PM-FG-000,M - FullShock iPhone 17 Pro Max Forest Green,41
I-NAN-IP12MN-000,I - NanoGlass iPhone 12 Mini,43
M-PSH-IP16PR-BK-100,M - ProShock iPhone 16 Pro Black - Black Backplate,34
M-FSH-IP15PM-SM-010,M - FullShock iPhone 15 Pro Max Smokey Transparent,80
M-FSH-IP14PR-SM-010,M - FullShock iPhone 14 Pro Smokey Transparent,100
M-FSH-IP13MN-BK-101,M - FullShock iPhone 13 Mini Black MagSafe - Black Backplate,23
I-NAN-RMN13P-000,I - NanoGlass Redmi Note 13 Pro 5G,76
M-PSH-IP14PM-AN-000,M - ProShock iPhone 14 Pro Max Anthracite,35
M-FSH-IP15PR-LR-010,I - FullShock iPhone 15 Pro Lava Red Transparent,49
M-FSH-IP17PM-BK-000,M - FullShock iPhone 17 Pro Max Black,97
I-RMA-IP14PR-001,I - RealMaterial iPhone 14 Pro MagSafe,61
I-FSH-00IPXR-CG-000,I - FullShock iPhone XR Camo Green,88
M-PSH-00IP14-AN-000,M - ProShock iPhone 14 Anthracite,69
I-FSH-0IP8PL-WH-000,I - FullShock iPhone 7 Plus/8 Plus White,96
M-FSH-IP12PR-BK-000,M - FullShock iPhone 12/12 Pro Black,87
M-FSH-IP12PR-CG-000,I - FullShock iPhone 12/12 Pro Camo Green,53
I-NAN-0GXA25-000,I - NanoGlass Galaxy A25,36
M-FSH-IP13PM-010,I - FullShock iPhone 13 Pro Max Babyblue Transparent,51
I-FSH-IPSE20-BL-000,I - FullShock iPhone 7/8/SE 2020/SE 2022 Blue,96
I-FSH-RMN13P-BK-000,I - FullShock Redmi Note 13 Pro 5G Black,43
I-FSH-0GXA52-BK-000,I - FullShock Galaxy A52/A52 5G/A52s Black,58
M-FSH-IP14PR-BK-001,M - FullShock iPhone 14 Pro Black MagSafe,4
M-FSH-00IP11-CG-000,I - FullShock iPhone 11 Camo Green,57
I-RMI-IP14PR-LT-000,I - RealMaterial Betét iPhone 14 Pro Leather,100
I-NAN-00IP17-000,I - NanoGlass iPhone 16 Pro/17/17 Pro,50
I-PSH-IP14PL-AN-000,I - ProShock iPhone 14 Plus Anthracite,84
I-FSH-IP11PM-AN-000,I - FullShock iPhone 11 Pro Max Anthracite,74
M-PSH-00IPXS-CO-000,I - ProShock iPhone X/XS Coral,43
I-PCA-HR-000,I - ProCable C to C MFI Hellrose,19
I-CAR-00APDS-BK-000,I - Karabiner Airpods Black,33
M-PSH-IP12PM-BB-000,I - ProShock iPhone 12 Pro Max Baby Blue,41
M-PSH-00IPXR-SP-000,I - ProShock iPhone XR Sunset Purple,35
M-PSH-IP11PM-LV-000,I - ProShock iPhone 11 Pro Max Lavender,32
M-FSH-IP13PR-BP-010,I - FullShock iPhone 13 Pro Babypink Transparent,33
I-PSD-IP15PL-000,I - ProShield iPhone 15 Plus/16 Plus,48
I-NAN-GXS22U-000,I - NanoGlass Galaxy S22 Ultra,60
M-PSH-IPSE20-AN-000,I - ProShock iPhone SE 2022/7/8/SE 2020 Anthracite,24
M-FSH-IP15PM-CP-010,M - FullShock iPhone 15 Pro Max Cool Purple Transparent,34
M-FSH-00IP17-FG-000,M - FullShock iPhone 17 Forest Green,87
I-RMA-IP14PL-001,I - RealMaterial iPhone 14 Plus MagSafe,87
M-PSH-IP17PR-FG-000,M - ProShock iPhone 17 Pro Forest Green,52
I-PSD-IP12PR-000,I - ProShield iPhone 12/12 Pro,4
I-APP-APDSP2-LV-000,I - Airpods Pro Airpods Pro 1/2 Lavender,6
I-PCA-WH-000,I - ProCable C to C White,63
I-FSH-IP15PL-AN-000,I - FullShock iPhone 15 Plus Anthracite,91
I-RMI-IP16PM-PF-000,I - RealMaterial Betét iPhone 16 Pro Max Puffer,33
M-FSH-0GXA55-BK-000,I - FullShock Galaxy A55 Black,66
I-PSD-IPSE20-000,I - ProShield iPhone 7/8/SE 2020/SE 2022,51
I-STC-IP14PR-BK-001,I - SoftTouch iPhone 14 Pro Black MagSafe,51
I-NAN-00IP16-000,I - NanoGlass iPhone 16,93
S-MSC-000,S - Misc,97
I-RMI-IP15PM-PF-000,I - RealMaterial Betét iPhone 15 Pro Max Puffer,94
M-PSH-00IP13-FG-000,I - ProShock iPhone 13 Forest Green,67
M-FSH-IP16PL-BK-101,M - FullShock iPhone 16 Plus Black MagSafe - Black Backplate,55
I-NAN-00IP15-000,I - NanoGlass iPhone 15/16,89
M-FSH-00IP14-BK-101,M - FullShock iPhone 14 Black MagSafe - Black Backplate,63
I-FSH-00IPXS-BL-000,I - FullShock iPhone X/XS Blue,79
M-PSH-IP13MN-AN-000,I - ProShock iPhone 13 Mini Anthracite,80
M-PSH-IP16PM-BK-001,M - ProShock iPhone 16 Pro Max Black MagSafe,10
I-FSH-0GXA70-BK-000,I - FullShock Galaxy A70 Black,9
M-FSH-IP16PM-BK-001,M - FullShock iPhone 16 Pro Max Black MagSafe,21
I-PSD-IP17PR-000,I - ProShield iPhone 17 Pro,91
I-FSH-GXS10P-BK-000,I - FullShock Galaxy S10 Plus Black,37
I-STC-00IP15-BK-001,I - SoftTouch iPhone 15 Black MagSafe,60
I-NAN-GXS23U-000,I - NanoGlass Galaxy S23 Ultra,68
I-CRB-WG-000,I - Crossbody Generic Reflected White-Grey,11
I-FSH-IP14PL-BK-001,I - FullShock iPhone 14 Plus Black MagSafe,60
I-FSH-GXS23P-BK-000,I - FullShock Galaxy S23 Plus Black,34
M-PSH-IP16PL-AN-000,M - ProShock iPhone 16 Plus Anthracite,90
M-FSH-IP12PR-010,I - FullShock iPhone 12/12 Pro Babyblue Transparent,4
M-FSH-IP13PM-BL-000,I - FullShock iPhone 13 Pro Max Blue,97
M-FSH-0IP16E-BK-000,M - FullShock iPhone 16e Black,10
I-FSH-GXA21S-BK-000,I - FullShock Galaxy A21 S Black,68
M-FSH-IP13PM-BK-000,M - FullShock iPhone 13 Pro Max Black,98
I-FSH-IP11PR-LV-000,I - FullShock iPhone 11 Pro Lavender,54
M-PSH-IPSE20-BG-000,I - ProShock iPhone 7/8/SE 2020/SE 2022 Burgundy,55
I-RMI-IP16PL-PF-000,I - RealMaterial Betét iPhone 16 Plus Puffer,74
M-FSH-00IP13-CH-000,I - FullShock iPhone 13 Charcoal,59
M-PSH-IP11PM-YL-000,I - ProShock iPhone 11 Pro Max Yellow,71
I-NAN-0GXS23-000,I - NanoGlass Galaxy S23,5
I-APO-0APDS2-BK-000,I - Airpods Airpods 1/2 Black,89
I-NAN-0MI115-000,I - NanoGlass Mi 11 5G,60
I-PSD-000A52-000,I - ProShield Galaxy A52,97
I-FSH-IPSE20-010,I - FullShock iPhone 7/8/SE 2020/SE 2022 Babyblue Transparent,90
M-FSH-IP16PL-AN-000,M - FullShock iPhone 16 Plus Anthracite,84
M-PSH-IP16PM-BK-000,M - ProShock iPhone 16 Pro Max Black,26
M-FSH-0IP16E-FG-000,M - FullShock iPhone 16e Forest Green,35
I-NAN-000RM9-000,I - NanoGlass Redmi 9,5